,cov,sleep
0,0.923963963985,0.246666666667
