,cov,sleep
0,0.923963963985,0.246666666667
1,0.717659115791,0.553333333333
