,cov,sleep
0,0.906709194183,0.25
1,0.739595234394,0.483333333333
2,0.712333381176,0.47
