,cov,sleep
0,0.928936481476,0.256666666667
1,0.731222629547,0.526666666667
2,0.656674683094,0.566666666667
