,cov,sleep
0,0.928936481476,0.256666666667
