,cov,sleep
0,0.981418788433,0.236666666667
