,cov,sleep
0,0.981418788433,0.236666666667
1,0.876048326492,0.573333333333
2,0.892058670521,0.503333333333
