,cov,sleep
0,0.968217849731,0.26
1,0.813462495804,0.54
