,cov,sleep
0,0.968217849731,0.26
1,0.813462495804,0.54
2,0.764273166656,0.566666666667
