,cov,sleep
0,0.936714828014,0.22
1,0.742027699947,0.513333333333
2,0.691235899925,0.543333333333
