,cov,sleep
0,0.999960720539,0.22
1,0.977932214737,0.613333333333
