,cov,sleep
0,0.995665490627,0.263333333333
1,0.92458999157,0.603333333333
