,cov,sleep
0,0.997696578503,0.256666666667
1,0.919885575771,0.583333333333
