,cov,sleep
0,0.997696578503,0.256666666667
