,cov,sleep
0,1.0,0.21
1,0.989861130714,0.66
2,0.999791681767,0.563333333333
