,cov,sleep
0,0.996359348297,0.276666666667
1,0.925736427307,0.616666666667
