,cov,sleep
0,0.996359348297,0.276666666667
