,cov,sleep
0,0.982070446014,0.246666666667
1,0.848144292831,0.603333333333
2,0.922553777695,0.48
