,cov,sleep
0,0.982070446014,0.246666666667
