,cov,sleep
0,0.939526975155,0.25
1,0.78244882822,0.52
