,cov,sleep
0,0.939526975155,0.25
1,0.78244882822,0.52
2,0.817006468773,0.453333333333
