,cov,sleep
0,0.909133732319,0.246666666667
