,cov,sleep
0,0.909133732319,0.246666666667
1,0.692880272865,0.516666666667
