,cov,sleep
0,1.0,0.206666666667
1,1.0,0.676666666667
