,cov,sleep
0,0.937760949135,0.266666666667
