,cov,sleep
0,0.937760949135,0.266666666667
1,0.791697621346,0.526666666667
2,0.696228086948,0.556666666667
