,cov,sleep
0,0.998340010643,0.263333333333
