,cov,sleep
0,0.998340010643,0.263333333333
1,0.925050318241,0.593333333333
