,cov,sleep
0,1.0,0.24
1,1.0,0.666666666667
2,1.0,0.536666666667
