,cov,sleep
0,0.921950995922,0.263333333333
