,cov,sleep
0,0.921950995922,0.263333333333
1,0.788352847099,0.523333333333
