,cov,sleep
0,1.0,0.2
1,0.994513869286,0.673333333333
2,0.998611092567,0.553333333333
