,cov,sleep
0,1.0,0.226666666667
1,1.0,0.653333333333
