,cov,sleep
0,1.0,0.233333333333
1,0.968410372734,0.646666666667
2,0.977793395519,0.543333333333
