,cov,sleep
0,0.922216773033,0.243333333333
1,0.729444801807,0.54
