,cov,sleep
0,0.922216773033,0.243333333333
