,cov,sleep
0,0.999648332596,0.246666666667
