,cov,sleep
0,0.999648332596,0.246666666667
1,0.984564900398,0.63
2,0.992966294289,0.553333333333
