,cov,sleep
0,1.0,0.216666666667
1,1.0,0.636666666667
2,1.0,0.543333333333
