,cov,sleep
0,1.0,0.22
1,0.995138883591,0.676666666667
2,0.997430562973,0.576666666667
