,cov,sleep
0,0.968930244446,0.236666666667
