,cov,sleep
0,0.968930244446,0.236666666667
1,0.844595372677,0.54
2,0.842439115047,0.496666666667
