,cov,sleep
0,0.910363972187,0.26
1,0.794830262661,0.48
