,cov,sleep
0,0.985589087009,0.26
1,0.882162153721,0.553333333333
