,cov,sleep
0,0.985589087009,0.26
1,0.882162153721,0.553333333333
2,0.844795882702,0.556666666667
