,cov,sleep
0,0.979610741138,0.253333333333
1,0.856585681438,0.58
2,0.832586586475,0.566666666667
