,cov,sleep
0,0.997260451317,0.216666666667
1,0.929903507233,0.586666666667
2,0.94304817915,0.55
