,cov,sleep
0,0.997260451317,0.216666666667
