,cov,sleep
0,0.990730404854,0.25
1,0.867472887039,0.583333333333
