,cov,sleep
0,0.990730404854,0.25
1,0.867472887039,0.583333333333
2,0.817910611629,0.58
