,cov,sleep
0,0.959339261055,0.276666666667
