,cov,sleep
0,0.959339261055,0.276666666667
1,0.822970032692,0.54
2,0.794838190079,0.563333333333
