,cov,sleep
0,1.0,0.233333333333
1,1.0,0.673333333333
2,1.0,0.516666666667
