,cov,sleep
0,0.923629641533,0.25
1,0.687377750874,0.543333333333
