,cov,sleep
0,0.999921500683,0.22
1,0.982018768787,0.623333333333
2,0.985827028751,0.566666666667
