,cov,sleep
0,0.908241391182,0.246666666667
1,0.720771789551,0.516666666667
