,cov,sleep
0,0.908241391182,0.246666666667
