,cov,sleep
0,0.941651582718,0.246666666667
