,cov,sleep
0,0.941651582718,0.246666666667
1,0.760888397694,0.536666666667
