,cov,sleep
0,0.948456346989,0.236666666667
1,0.792438149452,0.516666666667
