,cov,sleep
0,0.948456346989,0.236666666667
