,cov,sleep
0,0.96480345726,0.276666666667
1,0.838804841042,0.53
