,cov,sleep
0,0.96480345726,0.276666666667
