,cov,sleep
0,1.0,0.206666666667
1,0.987683534622,0.66
2,0.98260384798,0.58
