,cov,sleep
0,0.958187937737,0.286666666667
1,0.796180129051,0.58
