,cov,sleep
0,0.958187937737,0.286666666667
