,cov,sleep
0,0.915434718132,0.253333333333
1,0.726484060287,0.493333333333
