,cov,sleep
0,0.915434718132,0.253333333333
