,cov,sleep
0,0.915434718132,0.253333333333
1,0.726484060287,0.493333333333
2,0.665695846081,0.523333333333
