,cov,sleep
0,0.998788714409,0.24
1,0.961942732334,0.633333333333
2,0.979525625706,0.56
