,cov,sleep
0,1.0,0.216666666667
1,1.0,0.673333333333
2,1.0,0.57
